8.017818450927734375e+00,1.411534881591796875e+01,1.276787471771240234e+01,1.558044147491455078e+01,1.054664707183837891e+01,6.051033020019531250e+00,2.212108802795410156e+01,1.236472606658935547e+01,2.765887260437011719e+00,2.353490257263183594e+01,1.149534511566162109e+01,2.114666461944580078e+00,2.345520591735839844e+01,6.897618770599365234e+00,5.505595207214355469e+00,1.000000000000000000e+00
1.586251449584960938e+01,5.593106269836425781e+00,1.732977294921875000e+01,1.266378307342529297e+01,1.298600101470947266e+01,4.527069091796875000e+00,1.440253448486328125e+01,9.915576934814453125e+00,5.511789917945861816e-01,1.537183380126953125e+01,5.986575126647949219e+00,1.675509452819824219e+00,2.211437988281250000e+01,7.982116699218750000e+00,6.175828456878662109e+00,1.000000000000000000e+00
1.481487655639648438e+01,9.369549751281738281e+00,1.780177688598632812e+01,1.223050689697265625e+01,5.391757488250732422e+00,4.184230804443359375e+00,6.020946502685546875e+00,7.160340785980224609e+00,5.106843948364257812e+00,7.786617755889892578e+00,4.218602180480957031e+00,2.892307996749877930e+00,6.629269123077392578e+00,6.627413749694824219e+00,5.326403141021728516e+00,1.000000000000000000e+00
1.950427055358886719e+01,2.442036247253417969e+01,3.241817092895507812e+01,2.175221061706542969e+01,8.847475051879882812e+00,7.416017055511474609e+00,2.786517143249511719e+01,1.365099048614501953e+01,4.615173816680908203e+00,1.943040847778320312e+01,3.148990869522094727e+00,3.476798772811889648e+00,1.554385757446289062e+01,4.918714046478271484e+00,9.099712371826171875e+00,1.000000000000000000e+00
1.861606979370117188e+01,2.158984184265136719e+01,2.769818496704101562e+01,2.335407447814941406e+01,9.622397422790527344e+00,2.508682966232299805e+00,1.952544403076171875e+01,6.688466072082519531e+00,1.388197898864746094e+00,1.766677665710449219e+01,1.316180825233459473e+00,5.183407783508300781e+00,1.484121608734130859e+01,3.445169210433959961e+00,8.856642723083496094e+00,1.000000000000000000e+00
1.880291366577148438e+01,2.604490852355957031e+01,2.195161819458007812e+01,2.491963386535644531e+01,9.684298515319824219e+00,6.483794689178466797e+00,1.922667503356933594e+01,8.677816390991210938e+00,2.338668346405029297e+00,1.904402351379394531e+01,4.871469497680664062e+00,5.146413803100585938e+00,1.636666488647460938e+01,5.561152935028076172e+00,1.064217090606689453e+01,1.000000000000000000e+00
2.083499717712402344e+01,3.253255844116210938e+01,2.094686317443847656e+01,2.665773010253906250e+01,1.874935531616210938e+01,1.024588871002197266e+01,2.183461761474609375e+01,8.286126136779785156e+00,2.427691936492919922e+00,2.076321601867675781e+01,4.785750865936279297e+00,4.492939949035644531e+00,1.732482528686523438e+01,4.416220188140869141e+00,8.654453277587890625e+00,1.000000000000000000e+00
2.357923698425292969e+01,2.091822624206542969e+01,2.100120162963867188e+01,2.710118484497070312e+01,2.124892616271972656e+01,1.025297546386718750e+01,1.949635124206542969e+01,1.034711551666259766e+01,2.388479471206665039e+00,1.663271903991699219e+01,2.684352874755859375e+00,5.998075485229492188e+00,1.685021400451660156e+01,3.652953147888183594e+00,1.023693084716796875e+01,1.000000000000000000e+00
2.507731246948242188e+01,1.965982246398925781e+01,8.471912384033203125e+00,3.255405044555664062e+01,2.384295272827148438e+01,1.922644805908203125e+01,2.693035507202148438e+01,9.407173156738281250e+00,2.601886272430419922e+00,1.713272476196289062e+01,1.217229747772216797e+01,1.514642620086669922e+01,1.711012077331542969e+01,9.656416893005371094e+00,1.630131530761718750e+01,1.000000000000000000e+00
2.619833183288574219e+01,2.457056999206542969e+01,1.403047370910644531e+01,3.313564300537109375e+01,2.511012268066406250e+01,3.526686859130859375e+01,2.543074989318847656e+01,1.414746761322021484e+01,3.768441390991210938e+01,1.298658466339111328e+01,1.715415191650390625e+01,3.190654945373535156e+01,1.953621673583984375e+01,1.806401443481445312e+01,2.620566749572753906e+01,1.000000000000000000e+00
2.658785820007324219e+01,1.697344207763671875e+01,1.183474540710449219e+01,3.461392593383789062e+01,3.713603973388671875e+01,3.988089370727539062e+01,2.225572586059570312e+01,3.388750839233398438e+01,6.634722137451171875e+01,1.372163677215576172e+01,4.527827072143554688e+01,4.167964935302734375e+01,2.237451171875000000e+01,3.919823455810546875e+01,3.571995162963867188e+01,1.000000000000000000e+00
2.912678146362304688e+01,1.200202655792236328e+01,1.784293365478515625e+01,3.645377731323242188e+01,1.128618164062500000e+02,3.077438163757324219e+01,1.810289955139160156e+01,1.233319931030273438e+02,2.522592544555664062e+01,1.474845218658447266e+01,1.119910430908203125e+02,2.794228744506835938e+01,3.473217391967773438e+01,8.019220733642578125e+01,3.037576293945312500e+01,1.000000000000000000e+00
3.467090225219726562e+01,1.472614192962646484e+01,1.898585128784179688e+01,3.921405029296875000e+01,1.279940795898437500e+02,2.935732269287109375e+01,1.621842002868652344e+01,1.387299804687500000e+02,1.836384773254394531e+01,1.305715084075927734e+01,1.241688461303710938e+02,2.475107955932617188e+01,3.181044578552246094e+01,9.300153350830078125e+01,2.840503311157226562e+01,1.000000000000000000e+00
3.428150939941406250e+01,2.211348915100097656e+01,2.970737648010253906e+01,4.614124679565429688e+01,1.055164413452148438e+02,3.167686653137207031e+01,2.971208381652832031e+01,1.144633560180664062e+02,2.698314857482910156e+01,1.393324565887451172e+01,1.109561080932617188e+02,2.739401817321777344e+01,2.533596038818359375e+01,8.482980346679687500e+01,2.824792861938476562e+01,1.000000000000000000e+00
3.449814987182617188e+01,1.851078033447265625e+01,2.163459968566894531e+01,4.576074218750000000e+01,1.186198348999023438e+02,3.409109497070312500e+01,2.965226936340332031e+01,1.273015365600585938e+02,2.906637954711914062e+01,1.242075061798095703e+01,1.259840927124023438e+02,2.349804687500000000e+01,2.496309471130371094e+01,1.029866943359375000e+02,2.226627731323242188e+01,1.000000000000000000e+00
3.947943115234375000e+01,1.686285209655761719e+01,2.762121963500976562e+01,5.112374877929687500e+01,1.071297149658203125e+02,2.776276969909667969e+01,2.730696678161621094e+01,1.212135086059570312e+02,1.698180961608886719e+01,1.263623332977294922e+01,1.130541381835937500e+02,2.638419342041015625e+01,2.595610427856445312e+01,8.836608123779296875e+01,2.444889068603515625e+01,1.000000000000000000e+00
3.681906509399414062e+01,2.145505142211914062e+01,3.236580657958984375e+01,5.155303192138671875e+01,9.866652679443359375e+01,3.508971405029296875e+01,2.925863075256347656e+01,1.159921493530273438e+02,2.237911605834960938e+01,1.319126510620117188e+01,1.135346755981445312e+02,2.492974472045898438e+01,3.086816787719726562e+01,9.375075531005859375e+01,2.224756813049316406e+01,1.000000000000000000e+00
3.592987060546875000e+01,1.859798240661621094e+01,3.478448486328125000e+01,4.965674972534179688e+01,1.012982940673828125e+02,3.545529556274414062e+01,3.176285362243652344e+01,1.162077484130859375e+02,2.786709403991699219e+01,1.299967765808105469e+01,1.168336791992187500e+02,2.731961059570312500e+01,2.812447357177734375e+01,9.655300140380859375e+01,2.418247032165527344e+01,1.000000000000000000e+00
3.569965744018554688e+01,1.865510368347167969e+01,2.396227264404296875e+01,5.109857177734375000e+01,1.084750671386718750e+02,3.718248367309570312e+01,3.025977134704589844e+01,1.209992370605468750e+02,2.711340904235839844e+01,1.265526580810546875e+01,1.212027130126953125e+02,2.561465835571289062e+01,2.686399269104003906e+01,1.006296920776367188e+02,2.267612075805664062e+01,1.000000000000000000e+00
3.524171066284179688e+01,2.370227432250976562e+01,2.978443336486816406e+01,5.320291137695312500e+01,1.001432342529296875e+02,3.429973220825195312e+01,3.346076965332031250e+01,1.135408477783203125e+02,2.528553581237792969e+01,1.285980510711669922e+01,1.140168762207031250e+02,2.777070808410644531e+01,2.919153213500976562e+01,9.424002838134765625e+01,2.274404525756835938e+01,1.000000000000000000e+00
3.605051422119140625e+01,2.275895309448242188e+01,2.694590950012207031e+01,5.313745498657226562e+01,1.097700424194335938e+02,4.029801177978515625e+01,3.267904663085937500e+01,1.218048095703125000e+02,3.334840393066406250e+01,1.289692687988281250e+01,1.272611999511718750e+02,2.591510772705078125e+01,2.429960823059082031e+01,1.066659622192382812e+02,2.190656280517578125e+01,1.000000000000000000e+00
3.918172836303710938e+01,3.481230163574218750e+01,4.703470230102539062e+01,5.111211013793945312e+01,1.097543029785156250e+02,3.553606033325195312e+01,3.244721603393554688e+01,1.235235519409179688e+02,2.609498596191406250e+01,1.122657012939453125e+01,1.314427795410156250e+02,2.068587684631347656e+01,1.906666755676269531e+01,1.130842895507812500e+02,1.969328117370605469e+01,1.000000000000000000e+00
4.130430603027343750e+01,3.617611694335937500e+01,4.121649932861328125e+01,5.568291091918945312e+01,1.061458969116210938e+02,3.880768203735351562e+01,3.431846618652343750e+01,1.187819366455078125e+02,2.999521636962890625e+01,1.397619533538818359e+01,1.277583465576171875e+02,2.304961395263671875e+01,2.403093147277832031e+01,1.064117660522460938e+02,1.900289916992187500e+01,1.000000000000000000e+00
3.891386795043945312e+01,3.253180694580078125e+01,3.892938613891601562e+01,5.184771347045898438e+01,1.056881027221679688e+02,3.433335113525390625e+01,3.189093589782714844e+01,1.182658386230468750e+02,2.506878471374511719e+01,1.353634929656982422e+01,1.226884155273437500e+02,2.277824211120605469e+01,2.844977951049804688e+01,1.051063308715820312e+02,1.980085754394531250e+01,1.000000000000000000e+00
4.117043304443359375e+01,3.018868064880371094e+01,4.237666320800781250e+01,5.310005187988281250e+01,1.185304946899414062e+02,3.770425796508789062e+01,2.808313369750976562e+01,1.323255920410156250e+02,2.521792984008789062e+01,1.094337177276611328e+01,1.399102783203125000e+02,1.609465408325195312e+01,2.340363693237304688e+01,1.184583969116210938e+02,1.491084575653076172e+01,1.000000000000000000e+00
4.087847900390625000e+01,4.050460433959960938e+01,3.387866592407226562e+01,5.408051681518554688e+01,1.178677139282226562e+02,3.836108016967773438e+01,3.260517883300781250e+01,1.335258026123046875e+02,2.841359519958496094e+01,9.129960060119628906e+00,1.378740234375000000e+02,1.750608062744140625e+01,1.930744552612304688e+01,1.180549392700195312e+02,1.936922836303710938e+01,1.000000000000000000e+00
4.154643630981445312e+01,3.850340270996093750e+01,3.598320770263671875e+01,4.529431533813476562e+01,1.114224243164062500e+02,4.021178817749023438e+01,2.768293190002441406e+01,1.247006988525390625e+02,3.289290237426757812e+01,8.852705001831054688e+00,1.262260437011718750e+02,2.214031982421875000e+01,2.482211494445800781e+01,1.042708892822265625e+02,2.263065528869628906e+01,1.000000000000000000e+00
3.422758483886718750e+01,2.482206344604492188e+01,2.291005134582519531e+01,3.923271179199218750e+01,8.232116699218750000e+01,4.432130432128906250e+01,2.931276321411132812e+01,8.689871978759765625e+01,4.803162765502929688e+01,1.338744449615478516e+01,8.415242004394531250e+01,4.886316299438476562e+01,1.182515907287597656e+01,5.651772308349609375e+01,5.322072982788085938e+01,1.000000000000000000e+00
3.013960647583007812e+01,1.545271778106689453e+01,1.885741233825683594e+01,2.827636337280273438e+01,6.834717559814453125e+01,5.044088745117187500e+01,2.347425460815429688e+01,6.212296295166015625e+01,5.637344360351562500e+01,6.859056472778320312e+00,5.080664443969726562e+01,4.944622802734375000e+01,1.537816238403320312e+01,3.667744064331054688e+01,4.243543624877929688e+01,1.000000000000000000e+00
2.921467018127441406e+01,1.527570819854736328e+01,1.690077209472656250e+01,2.849095535278320312e+01,4.611085891723632812e+01,5.017956161499023438e+01,2.050710296630859375e+01,4.393117904663085938e+01,4.409625625610351562e+01,9.158399581909179688e+00,3.291168212890625000e+01,3.111833763122558594e+01,1.054873466491699219e+01,2.429100227355957031e+01,2.952211570739746094e+01,1.000000000000000000e+00
2.950371170043945312e+01,1.498863601684570312e+01,1.391340160369873047e+01,2.892211341857910156e+01,4.357202911376953125e+01,4.799964523315429688e+01,1.814020919799804688e+01,3.019868278503417969e+01,3.648714065551757812e+01,6.526834487915039062e+00,2.050672340393066406e+01,1.797268867492675781e+01,1.361682510375976562e+01,1.907773780822753906e+01,2.641052055358886719e+01,1.000000000000000000e+00
2.830540847778320312e+01,1.480291938781738281e+01,1.205403995513916016e+01,2.702888298034667969e+01,3.544430923461914062e+01,4.208714675903320312e+01,1.733904647827148438e+01,2.805183982849121094e+01,3.555258560180664062e+01,7.057300567626953125e+00,2.127139091491699219e+01,1.951976394653320312e+01,8.680307388305664062e+00,1.317769527435302734e+01,2.037163925170898438e+01,1.000000000000000000e+00
2.510523033142089844e+01,1.507045555114746094e+01,1.169401264190673828e+01,2.658138084411621094e+01,3.333833694458007812e+01,3.055807113647460938e+01,1.898880004882812500e+01,2.176805686950683594e+01,2.070343971252441406e+01,7.167016506195068359e+00,1.327592277526855469e+01,1.116114616394042969e+01,1.156142807006835938e+01,1.052754306793212891e+01,1.270083999633789062e+01,1.000000000000000000e+00
2.280825805664062500e+01,1.613692665100097656e+01,1.079677963256835938e+01,2.340247154235839844e+01,2.873334312438964844e+01,2.191966056823730469e+01,1.426723957061767578e+01,1.018211269378662109e+01,1.203788471221923828e+01,3.496515035629272461e+00,9.980489730834960938e+00,7.824743270874023438e+00,4.888382911682128906e+00,6.297592163085937500e+00,1.257552909851074219e+01,1.000000000000000000e+00
2.363792800903320312e+01,1.374352836608886719e+01,4.604665756225585938e+00,2.256692886352539062e+01,2.437982749938964844e+01,1.546836853027343750e+01,1.464671993255615234e+01,5.725017547607421875e+00,1.111722660064697266e+01,9.851281166076660156e+00,3.207987546920776367e+00,4.803092956542968750e+00,1.105039978027343750e+01,5.571328639984130859e+00,7.779249191284179688e+00,1.000000000000000000e+00
2.187735939025878906e+01,1.693053245544433594e+01,1.412522077560424805e+00,1.995015716552734375e+01,2.482004928588867188e+01,1.757642745971679688e+01,1.271301078796386719e+01,6.773673534393310547e+00,1.030564785003662109e+01,9.695227622985839844e+00,3.399212837219238281e+00,3.058296680450439453e+00,1.432792758941650391e+01,3.892826318740844727e+00,3.640165805816650391e+00,1.000000000000000000e+00
5.567500591278076172e+00,1.708603668212890625e+01,1.766720771789550781e+01,1.475619983673095703e+01,1.526002979278564453e+01,1.051558589935302734e+01,2.254195404052734375e+01,3.117833518981933594e+01,1.060670852661132812e+01,3.938902664184570312e+01,2.229616546630859375e+01,7.069610118865966797e+00,3.817806243896484375e+01,2.501944351196289062e+01,2.021929168701171875e+01,2.000000000000000000e+00
1.591564464569091797e+01,1.758374404907226562e+01,2.636814117431640625e+01,2.849519538879394531e+01,2.559345436096191406e+01,1.210363388061523438e+01,4.742131805419921875e+01,7.620640754699707031e+00,2.070979595184326172e+00,4.962503814697265625e+01,1.244609832763671875e+01,5.501012325286865234e+00,2.918622398376464844e+01,2.098677635192871094e+01,9.147402763366699219e+00,2.000000000000000000e+00
1.692289543151855469e+01,3.435087966918945312e+01,3.214852523803710938e+01,2.497471237182617188e+01,2.368987083435058594e+01,5.980057716369628906e+00,3.686468505859375000e+01,5.435786247253417969e+00,1.231314897537231445e+00,3.781018829345703125e+01,8.390455245971679688e+00,5.259130954742431641e+00,2.760407447814941406e+01,8.940135002136230469e+00,6.933600902557373047e+00,2.000000000000000000e+00
2.277241325378417969e+01,4.514498138427734375e+01,3.136461257934570312e+01,2.497303581237792969e+01,2.728744697570800781e+01,7.849787235260009766e+00,3.620096588134765625e+01,7.038421154022216797e+00,3.104492664337158203e+00,3.778363800048828125e+01,5.778792858123779297e+00,5.504560470581054688e+00,3.394732666015625000e+01,5.451737880706787109e+00,9.366745948791503906e+00,2.000000000000000000e+00
2.510305404663085938e+01,4.537169265747070312e+01,2.404513359069824219e+01,2.256346130371093750e+01,2.798365974426269531e+01,1.181330871582031250e+01,3.183881378173828125e+01,9.322291374206542969e+00,2.432959318161010742e+00,3.120000839233398438e+01,5.169081211090087891e+00,1.045525455474853516e+01,2.833729171752929688e+01,5.407955646514892578e+00,1.358018875122070312e+01,2.000000000000000000e+00
2.788767623901367188e+01,4.290503692626953125e+01,2.340191268920898438e+01,2.298189353942871094e+01,3.011013793945312500e+01,1.436552715301513672e+01,3.480896759033203125e+01,9.136077880859375000e+00,9.978299140930175781e-01,3.221859741210937500e+01,8.217424392700195312e+00,1.059220027923583984e+01,2.784175491333007812e+01,8.247964859008789062e+00,1.376260662078857422e+01,2.000000000000000000e+00
2.202550506591796875e+01,4.292706298828125000e+01,3.530608749389648438e+01,2.500097274780273438e+01,2.709212303161621094e+01,1.899454307556152344e+01,2.766335678100585938e+01,1.137270259857177734e+01,6.460241317749023438e+00,2.463998031616210938e+01,5.865768909454345703e+00,7.164982795715332031e+00,2.434852600097656250e+01,7.458151340484619141e+00,1.611261749267578125e+01,2.000000000000000000e+00
2.764313888549804688e+01,3.266051864624023438e+01,3.686635971069335938e+01,2.844512176513671875e+01,2.467491340637207031e+01,1.450392723083496094e+01,2.438600540161132812e+01,7.576480865478515625e+00,5.798820018768310547e+00,2.058987045288085938e+01,8.235162734985351562e+00,6.703140258789062500e+00,1.787079048156738281e+01,5.798296928405761719e+00,1.587593650817871094e+01,2.000000000000000000e+00
3.076696968078613281e+01,3.183742523193359375e+01,3.440573501586914062e+01,2.841346549987792969e+01,2.761204719543457031e+01,1.333051395416259766e+01,2.789313697814941406e+01,1.045357227325439453e+01,1.436937689781188965e+00,1.990459251403808594e+01,8.838014602661132812e-01,6.814428329467773438e+00,1.795765113830566406e+01,5.287305355072021484e+00,1.767542266845703125e+01,2.000000000000000000e+00
3.047904396057128906e+01,2.773249435424804688e+01,3.037702369689941406e+01,2.673856353759765625e+01,2.967707061767578125e+01,1.115867900848388672e+01,2.255888938903808594e+01,2.175380325317382812e+01,1.012688255310058594e+01,1.307661342620849609e+01,1.800787544250488281e+01,3.849171400070190430e+00,2.266930389404296875e+01,1.122897148132324219e+01,7.133336067199707031e+00,2.000000000000000000e+00
2.457451438903808594e+01,2.293145370483398438e+01,2.306496238708496094e+01,3.026011657714843750e+01,3.333408737182617188e+01,1.601710891723632812e+01,2.888225173950195312e+01,2.601538658142089844e+01,1.316671848297119141e+01,1.868137359619140625e+01,1.962827873229980469e+01,1.487485694885253906e+01,2.505934906005859375e+01,1.781198501586914062e+01,1.626434326171875000e+01,2.000000000000000000e+00
2.694536972045898438e+01,2.659289932250976562e+01,2.949253273010253906e+01,4.009660720825195312e+01,4.227304077148437500e+01,2.331448364257812500e+01,3.554707717895507812e+01,3.735972213745117188e+01,2.342009162902832031e+01,1.834256744384765625e+01,2.627053260803222656e+01,1.974097251892089844e+01,2.592448234558105469e+01,2.459133529663085938e+01,2.126938438415527344e+01,2.000000000000000000e+00
2.682438659667968750e+01,1.557172203063964844e+01,1.098657798767089844e+01,4.100008010864257812e+01,3.596826934814453125e+01,1.800304794311523438e+01,3.461227798461914062e+01,3.016783714294433594e+01,1.613558387756347656e+01,2.083661079406738281e+01,1.490109920501708984e+01,9.916647076606750488e-01,1.853074073791503906e+01,9.198508262634277344e+00,1.377869701385498047e+01,2.000000000000000000e+00
2.664842033386230469e+01,1.514170169830322266e+01,1.464844417572021484e+01,3.740405654907226562e+01,4.077106475830078125e+01,2.465255355834960938e+01,3.036600303649902344e+01,3.539512252807617188e+01,1.995617485046386719e+01,1.684209632873535156e+01,1.684087753295898438e+01,5.815135002136230469e+00,2.139011573791503906e+01,8.596646308898925781e+00,6.352041721343994141e+00,2.000000000000000000e+00
2.626336288452148438e+01,1.253582572937011719e+01,4.883202075958251953e+00,4.222006988525390625e+01,4.083139419555664062e+01,2.106974029541015625e+01,3.737432479858398438e+01,3.897208786010742188e+01,2.428807258605957031e+01,2.100071525573730469e+01,2.077709960937500000e+01,8.760890960693359375e+00,2.322633743286132812e+01,1.580993652343750000e+01,1.261821269989013672e+01,2.000000000000000000e+00
2.408295059204101562e+01,1.314680862426757812e+01,1.339352607727050781e+01,4.544443511962890625e+01,3.902463531494140625e+01,2.373127937316894531e+01,3.555972671508789062e+01,4.032484817504882812e+01,2.767720603942871094e+01,1.778788948059082031e+01,2.422758674621582031e+01,1.447653007507324219e+01,2.600015830993652344e+01,2.101975440979003906e+01,1.531413078308105469e+01,2.000000000000000000e+00
2.527828979492187500e+01,1.256439399719238281e+01,1.101090621948242188e+01,4.716944503784179688e+01,4.021457672119140625e+01,2.679166030883789062e+01,3.649732208251953125e+01,4.042028808593750000e+01,3.489343261718750000e+01,1.761846351623535156e+01,2.453713035583496094e+01,1.917819023132324219e+01,2.751394081115722656e+01,2.343021011352539062e+01,1.759320640563964844e+01,2.000000000000000000e+00
2.572721290588378906e+01,1.357877445220947266e+01,9.290296554565429688e+00,4.443705749511718750e+01,3.905025100708007812e+01,2.703286743164062500e+01,3.132132720947265625e+01,3.690457916259765625e+01,3.659373855590820312e+01,1.589105319976806641e+01,1.843758583068847656e+01,1.412697792053222656e+01,2.186078071594238281e+01,1.799226570129394531e+01,2.312961387634277344e+01,2.000000000000000000e+00
2.476232147216796875e+01,1.433580875396728516e+01,7.075961589813232422e+00,4.673932266235351562e+01,4.539393997192382812e+01,2.858786201477050781e+01,3.860906219482421875e+01,4.808378982543945312e+01,3.338777923583984375e+01,2.113244056701660156e+01,3.293373107910156250e+01,2.385384559631347656e+01,1.939975357055664062e+01,2.072446060180664062e+01,1.784486579895019531e+01,2.000000000000000000e+00
2.469253349304199219e+01,1.048646259307861328e+01,1.145228767395019531e+01,4.435840988159179688e+01,3.867910003662109375e+01,2.409370231628417969e+01,3.814783096313476562e+01,4.249004364013671875e+01,2.978614044189453125e+01,1.609475898742675781e+01,3.183088493347167969e+01,2.347100067138671875e+01,2.254100799560546875e+01,2.083880615234375000e+01,1.755879592895507812e+01,2.000000000000000000e+00
2.351004409790039062e+01,1.113701248168945312e+01,1.172517013549804688e+01,4.553324127197265625e+01,3.373083114624023438e+01,2.065594482421875000e+01,4.057740402221679688e+01,3.991931915283203125e+01,1.885011672973632812e+01,2.199863052368164062e+01,3.843339920043945312e+01,2.380199050903320312e+01,1.922793769836425781e+01,2.506818389892578125e+01,1.474342346191406250e+01,2.000000000000000000e+00
2.675020790100097656e+01,1.095446205139160156e+01,1.413695430755615234e+01,4.720217132568359375e+01,3.643644714355468750e+01,2.519394111633300781e+01,4.135168838500976562e+01,3.739399719238281250e+01,3.072049713134765625e+01,1.768201637268066406e+01,3.613662719726562500e+01,2.907300186157226562e+01,2.323662948608398438e+01,2.476390075683593750e+01,1.875877952575683594e+01,2.000000000000000000e+00
2.663435363769531250e+01,1.044470310211181641e+01,1.350392341613769531e+01,5.024460601806640625e+01,3.631160354614257812e+01,2.542372131347656250e+01,4.372792053222656250e+01,3.926556015014648438e+01,3.263943481445312500e+01,2.379517936706542969e+01,3.630699157714843750e+01,3.160201072692871094e+01,1.877641677856445312e+01,2.544807815551757812e+01,2.256880760192871094e+01,2.000000000000000000e+00
2.849609565734863281e+01,1.051765155792236328e+01,1.374324131011962891e+01,4.699650573730468750e+01,4.023477554321289062e+01,2.805464744567871094e+01,3.950853729248046875e+01,4.014553833007812500e+01,3.304758453369140625e+01,1.843424034118652344e+01,3.241585922241210938e+01,2.688333129882812500e+01,2.284574890136718750e+01,2.199212646484375000e+01,2.106122398376464844e+01,2.000000000000000000e+00
2.370280265808105469e+01,1.118721103668212891e+01,1.738974571228027344e+01,4.588766860961914062e+01,4.068757629394531250e+01,2.688161087036132812e+01,4.052798080444335938e+01,4.341661834716796875e+01,2.670085525512695312e+01,1.965095520019531250e+01,3.828068923950195312e+01,2.596787643432617188e+01,2.180408668518066406e+01,2.629290008544921875e+01,1.836989593505859375e+01,2.000000000000000000e+00
2.628149223327636719e+01,1.122988796234130859e+01,1.861196708679199219e+01,4.613578033447265625e+01,3.933481979370117188e+01,2.873630714416503906e+01,3.861849594116210938e+01,4.317103195190429688e+01,3.380474472045898438e+01,1.908369636535644531e+01,3.611516571044921875e+01,3.124085807800292969e+01,1.884631156921386719e+01,2.605343055725097656e+01,2.088296890258789062e+01,2.000000000000000000e+00
2.513000488281250000e+01,1.117702579498291016e+01,1.487643241882324219e+01,4.694016265869140625e+01,3.929319763183593750e+01,2.517325592041015625e+01,3.920888137817382812e+01,4.381660842895507812e+01,3.211537170410156250e+01,1.793409156799316406e+01,3.773363876342773438e+01,2.664790725708007812e+01,2.191378593444824219e+01,2.240469551086425781e+01,1.420018672943115234e+01,2.000000000000000000e+00
2.313264274597167969e+01,1.594829368591308594e+01,7.403029441833496094e+00,5.096828460693359375e+01,4.131108474731445312e+01,2.349917411804199219e+01,3.983818435668945312e+01,5.159387207031250000e+01,3.070754432678222656e+01,1.870014953613281250e+01,4.637994003295898438e+01,2.667713737487792969e+01,1.543041610717773438e+01,2.428511810302734375e+01,1.461738681793212891e+01,2.000000000000000000e+00
2.723561096191406250e+01,9.217341423034667969e+00,1.177532291412353516e+01,4.461695098876953125e+01,4.197274017333984375e+01,2.856525230407714844e+01,3.691359710693359375e+01,4.115103530883789062e+01,3.701276397705078125e+01,1.885263061523437500e+01,4.005894851684570312e+01,3.517390823364257812e+01,1.985427856445312500e+01,2.845235061645507812e+01,2.008360290527343750e+01,2.000000000000000000e+00
2.499922752380371094e+01,1.291799449920654297e+01,9.620707511901855469e+00,4.314320755004882812e+01,4.349452590942382812e+01,2.506456947326660156e+01,3.919368743896484375e+01,4.428334045410156250e+01,2.641337776184082031e+01,2.260861778259277344e+01,3.826150131225585938e+01,2.345416831970214844e+01,2.293867874145507812e+01,2.452761840820312500e+01,1.250952434539794922e+01,2.000000000000000000e+00
2.560407829284667969e+01,9.067549705505371094e+00,1.445370292663574219e+01,4.324231338500976562e+01,4.253905105590820312e+01,2.646182823181152344e+01,3.950572204589843750e+01,4.289703369140625000e+01,2.522493553161621094e+01,2.238209152221679688e+01,3.759482192993164062e+01,2.308512878417968750e+01,2.489146041870117188e+01,2.270807647705078125e+01,1.299104976654052734e+01,2.000000000000000000e+00
2.626350021362304688e+01,9.079076766967773438e+00,1.323141860961914062e+01,4.384037017822265625e+01,3.970414352416992188e+01,2.245442581176757812e+01,3.945484542846679688e+01,4.025839996337890625e+01,2.183541488647460938e+01,2.311032295227050781e+01,3.545670700073242188e+01,1.955743789672851562e+01,2.955052947998046875e+01,2.202685356140136719e+01,7.952859401702880859e+00,2.000000000000000000e+00
2.388695716857910156e+01,1.165361595153808594e+01,1.240188884735107422e+01,4.707583236694335938e+01,3.337461471557617188e+01,2.279264831542968750e+01,4.297612762451171875e+01,3.523860549926757812e+01,1.918782234191894531e+01,2.698657035827636719e+01,3.097335433959960938e+01,1.892184829711914062e+01,2.650110626220703125e+01,2.013180732727050781e+01,9.253854751586914062e+00,2.000000000000000000e+00
2.576408195495605469e+01,1.210301399230957031e+01,1.875358963012695312e+01,4.154574584960937500e+01,3.499455261230468750e+01,2.240540122985839844e+01,3.828206253051757812e+01,3.463587188720703125e+01,1.776897621154785156e+01,2.260188484191894531e+01,2.813856506347656250e+01,1.678540992736816406e+01,2.847610664367675781e+01,1.835414695739746094e+01,6.975434303283691406e+00,2.000000000000000000e+00
2.950097846984863281e+01,1.332110500335693359e+01,1.225203990936279297e+01,3.800123596191406250e+01,3.557004547119140625e+01,1.918005943298339844e+01,3.617927551269531250e+01,3.121538162231445312e+01,1.547560024261474609e+01,1.808375167846679688e+01,2.376955032348632812e+01,1.292169857025146484e+01,2.129990577697753906e+01,1.286457538604736328e+01,4.443637371063232422e+00,2.000000000000000000e+00
3.449661254882812500e+01,2.273768806457519531e+01,2.181237030029296875e+01,3.828368377685546875e+01,3.372458648681640625e+01,1.911543464660644531e+01,3.582650375366210938e+01,2.890923881530761719e+01,1.097026443481445312e+01,1.760939407348632812e+01,2.152008056640625000e+01,5.876185894012451172e+00,1.886070060729980469e+01,8.762455940246582031e+00,6.741584777832031250e+00,2.000000000000000000e+00
3.189801597595214844e+01,2.577169227600097656e+01,1.886776351928710938e+01,3.539714431762695312e+01,3.788809204101562500e+01,1.915105819702148438e+01,3.364320755004882812e+01,3.192645263671875000e+01,1.375701141357421875e+01,1.779564094543457031e+01,2.173201751708984375e+01,6.751711368560791016e+00,2.032165145874023438e+01,1.062512016296386719e+01,1.514165401458740234e+00,2.000000000000000000e+00
3.181782531738281250e+01,2.064796447753906250e+01,1.991307067871093750e+01,3.551761245727539062e+01,3.475585937500000000e+01,1.885285758972167969e+01,3.506460571289062500e+01,3.007704734802246094e+01,1.381433200836181641e+01,2.064559936523437500e+01,2.296951103210449219e+01,1.015183925628662109e+01,2.105992698669433594e+01,1.564155960083007812e+01,2.404242515563964844e+00,2.000000000000000000e+00
3.258182144165039062e+01,2.018757629394531250e+01,1.649628257751464844e+01,3.056386756896972656e+01,3.319913864135742188e+01,1.885504913330078125e+01,3.101318359375000000e+01,2.589053344726562500e+01,1.599510097503662109e+01,1.908531761169433594e+01,2.070895004272460938e+01,7.182560920715332031e+00,1.912832450866699219e+01,9.348095893859863281e+00,1.981536030769348145e+00,2.000000000000000000e+00
3.127846717834472656e+01,1.887763595581054688e+01,1.602850532531738281e+01,2.805116653442382812e+01,3.522875213623046875e+01,1.874427223205566406e+01,3.012417221069335938e+01,2.490138435363769531e+01,1.366500473022460938e+01,2.382056045532226562e+01,1.875375366210937500e+01,5.840076923370361328e+00,2.185971450805664062e+01,9.714447975158691406e+00,3.517612934112548828e+00,2.000000000000000000e+00
2.866767883300781250e+01,1.883819580078125000e+01,1.408368396759033203e+01,3.041660118103027344e+01,3.129574966430664062e+01,1.810022163391113281e+01,3.336994171142578125e+01,2.633584022521972656e+01,1.130252647399902344e+01,2.454282569885253906e+01,2.002266311645507812e+01,7.911221504211425781e+00,2.246225547790527344e+01,1.276803398132324219e+01,4.106316566467285156e+00,2.000000000000000000e+00
2.656861877441406250e+01,1.872206497192382812e+01,9.025526046752929688e+00,2.931462097167968750e+01,3.212473678588867188e+01,1.936232948303222656e+01,3.031621551513671875e+01,2.659770011901855469e+01,1.190526485443115234e+01,2.007876777648925781e+01,1.901575851440429688e+01,7.288604736328125000e+00,1.980942535400390625e+01,1.160886669158935547e+01,6.805716514587402344e+00,2.000000000000000000e+00
2.636144256591796875e+01,1.747845840454101562e+01,1.818094635009765625e+01,2.742538261413574219e+01,3.232545471191406250e+01,1.885563850402832031e+01,3.387618255615234375e+01,2.898789787292480469e+01,8.974942207336425781e+00,2.582949256896972656e+01,2.503698158264160156e+01,7.315207004547119141e+00,2.389304351806640625e+01,1.947361755371093750e+01,4.667527198791503906e+00,2.000000000000000000e+00
2.690907859802246094e+01,1.589513969421386719e+01,1.364980411529541016e+01,2.508302497863769531e+01,3.207825469970703125e+01,1.963147926330566406e+01,3.258868408203125000e+01,3.092063331604003906e+01,9.132920265197753906e+00,2.509966087341308594e+01,2.569943428039550781e+01,7.614912509918212891e+00,2.476710891723632812e+01,1.800858688354492188e+01,4.968801498413085938e+00,2.000000000000000000e+00
2.771087837219238281e+01,1.815958786010742188e+01,1.107890319824218750e+01,2.706541633605957031e+01,3.305815505981445312e+01,2.225288581848144531e+01,3.545908355712890625e+01,3.077634811401367188e+01,1.166941261291503906e+01,2.606807899475097656e+01,2.753825187683105469e+01,1.123774433135986328e+01,2.448961067199707031e+01,2.323321914672851562e+01,5.292776584625244141e+00,2.000000000000000000e+00
2.897036361694335938e+01,1.856819725036621094e+01,1.376103019714355469e+01,2.674463844299316406e+01,3.499959945678710938e+01,2.041083908081054688e+01,3.141589164733886719e+01,2.834333992004394531e+01,1.102919673919677734e+01,2.066309356689453125e+01,2.119935607910156250e+01,8.427075386047363281e+00,2.107605934143066406e+01,1.608709716796875000e+01,4.517737865447998047e+00,2.000000000000000000e+00
2.674390411376953125e+01,1.857308387756347656e+01,1.373183250427246094e+01,2.468446350097656250e+01,3.683116531372070312e+01,2.271324348449707031e+01,3.373298645019531250e+01,3.293523788452148438e+01,1.199902439117431641e+01,2.412773704528808594e+01,2.762033462524414062e+01,1.151512050628662109e+01,2.354932975769042969e+01,2.157406425476074219e+01,5.448426723480224609e+00,2.000000000000000000e+00
2.803087615966796875e+01,2.054380798339843750e+01,1.536219978332519531e+01,2.809656524658203125e+01,3.867871856689453125e+01,2.119099426269531250e+01,3.427753448486328125e+01,3.272623443603515625e+01,1.222225475311279297e+01,2.360208129882812500e+01,2.823849105834960938e+01,1.041916656494140625e+01,2.266700363159179688e+01,2.347383117675781250e+01,4.417731285095214844e+00,2.000000000000000000e+00
2.787796211242675781e+01,1.993308830261230469e+01,1.511460781097412109e+01,2.737830543518066406e+01,3.267959594726562500e+01,2.098719406127929688e+01,3.320320129394531250e+01,2.996718025207519531e+01,1.067310714721679688e+01,2.288290023803710938e+01,2.145996856689453125e+01,7.431450843811035156e+00,2.182341575622558594e+01,1.685354804992675781e+01,3.935545444488525391e+00,2.000000000000000000e+00
2.953729629516601562e+01,2.662143325805664062e+01,1.877506828308105469e+01,2.659248733520507812e+01,3.683967971801757812e+01,1.903940773010253906e+01,3.366898345947265625e+01,2.916848945617675781e+01,1.190263080596923828e+01,2.056323432922363281e+01,2.116824340820312500e+01,7.012085914611816406e+00,2.099413108825683594e+01,1.610881614685058594e+01,5.244257926940917969e+00,2.000000000000000000e+00
3.171820068359375000e+01,2.284332466125488281e+01,1.582416248321533203e+01,2.951011085510253906e+01,3.477351760864257812e+01,1.724302291870117188e+01,3.374153900146484375e+01,2.484606742858886719e+01,8.134840011596679688e+00,2.343862915039062500e+01,1.890353584289550781e+01,3.646402359008789062e+00,2.095679092407226562e+01,1.333993530273437500e+01,7.966814041137695312e+00,2.000000000000000000e+00
2.998878288269042969e+01,2.533927726745605469e+01,1.860117530822753906e+01,2.969289207458496094e+01,3.019828796386718750e+01,1.662645721435546875e+01,3.350369644165039062e+01,2.462755203247070312e+01,5.563344001770019531e+00,2.286995887756347656e+01,1.732902717590332031e+01,3.395912408828735352e+00,2.278861427307128906e+01,1.160895347595214844e+01,7.128863334655761719e+00,2.000000000000000000e+00
2.994668769836425781e+01,2.577238273620605469e+01,2.127357292175292969e+01,2.853215789794921875e+01,3.515444946289062500e+01,1.542034721374511719e+01,3.261978912353515625e+01,2.618586349487304688e+01,8.151325225830078125e+00,1.904515647888183594e+01,2.195687294006347656e+01,6.782276153564453125e+00,2.473581504821777344e+01,2.004029464721679688e+01,9.623205184936523438e+00,2.000000000000000000e+00
3.080045890808105469e+01,2.592648315429687500e+01,1.860029983520507812e+01,2.826450157165527344e+01,3.282196426391601562e+01,1.536755084991455078e+01,3.152878189086914062e+01,2.485657882690429688e+01,6.724905490875244141e+00,1.899663925170898438e+01,1.832089424133300781e+01,3.593269109725952148e+00,2.467359161376953125e+01,1.438490390777587891e+01,8.872138023376464844e+00,2.000000000000000000e+00
2.845291137695312500e+01,2.559607315063476562e+01,2.135539245605468750e+01,2.719404602050781250e+01,3.409623718261718750e+01,1.338267421722412109e+01,3.213967132568359375e+01,2.281245040893554688e+01,7.299389362335205078e+00,2.024273109436035156e+01,1.612808418273925781e+01,5.770427703857421875e+00,2.177666091918945312e+01,1.377295398712158203e+01,6.122840404510498047e+00,2.000000000000000000e+00
3.117275619506835938e+01,2.927634620666503906e+01,2.750974655151367188e+01,3.039668464660644531e+01,2.947675895690917969e+01,1.622537231445312500e+01,3.244496536254882812e+01,2.090862274169921875e+01,6.068533897399902344e+00,1.974687767028808594e+01,1.448296737670898438e+01,2.719725608825683594e+00,2.303423500061035156e+01,1.341839599609375000e+01,1.011245441436767578e+01,2.000000000000000000e+00
2.817693901062011719e+01,2.321980857849121094e+01,2.074335479736328125e+01,2.687231445312500000e+01,2.876473236083984375e+01,1.616642951965332031e+01,3.272013473510742188e+01,2.067692565917968750e+01,4.820742130279541016e+00,2.035895729064941406e+01,1.141768360137939453e+01,3.701906442642211914e+00,1.938442611694335938e+01,1.205892086029052734e+01,1.141766834259033203e+01,2.000000000000000000e+00
3.095647811889648438e+01,2.956609153747558594e+01,2.026046943664550781e+01,2.609886169433593750e+01,3.382945632934570312e+01,1.483141040802001953e+01,2.808712768554687500e+01,2.221811294555664062e+01,4.203275203704833984e+00,1.696196937561035156e+01,1.413945293426513672e+01,2.067874193191528320e+00,2.275425529479980469e+01,1.112383174896240234e+01,1.036853790283203125e+01,2.000000000000000000e+00
2.789797973632812500e+01,2.392938041687011719e+01,2.345223808288574219e+01,2.810862350463867188e+01,3.302836227416992188e+01,1.539396858215332031e+01,3.218389892578125000e+01,2.796942901611328125e+01,8.606054306030273438e+00,2.250747299194335938e+01,2.310924720764160156e+01,8.345191001892089844e+00,2.483910369873046875e+01,2.000064849853515625e+01,7.991075515747070312e+00,2.000000000000000000e+00
3.162088966369628906e+01,3.850155258178710938e+01,3.794000244140625000e+01,2.674990081787109375e+01,2.445431518554687500e+01,1.641071510314941406e+01,2.492911720275878906e+01,1.170793819427490234e+01,6.279959678649902344e+00,1.382937908172607422e+01,6.976074218750000000e+00,2.587661981582641602e+00,1.325590038299560547e+01,3.295086622238159180e+00,1.116780471801757812e+01,2.000000000000000000e+00
3.116089820861816406e+01,4.211956024169921875e+01,3.743059158325195312e+01,2.415751266479492188e+01,2.365705490112304688e+01,1.247346210479736328e+01,2.486970901489257812e+01,9.816577911376953125e+00,5.826277256011962891e+00,1.998700523376464844e+01,5.998377323150634766e+00,2.355839967727661133e+00,1.543203353881835938e+01,4.427238941192626953e+00,7.266037940979003906e+00,2.000000000000000000e+00
2.869788932800292969e+01,4.440589904785156250e+01,3.896327590942382812e+01,2.159303665161132812e+01,2.411915588378906250e+01,1.151102066040039062e+01,2.224417495727539062e+01,9.301945686340332031e+00,4.148083686828613281e+00,1.909634399414062500e+01,3.872573852539062500e+00,6.241593837738037109e+00,1.770294189453125000e+01,4.588604927062988281e+00,9.589835166931152344e+00,2.000000000000000000e+00
2.872265434265136719e+01,3.622290420532226562e+01,3.550580596923828125e+01,2.040928649902343750e+01,2.693538093566894531e+01,1.512290096282958984e+01,2.644843864440917969e+01,1.071406841278076172e+01,7.400887966156005859e+00,2.801314926147460938e+01,4.807535171508789062e+00,7.412925720214843750e+00,2.022073745727539062e+01,1.406718540191650391e+01,1.779669380187988281e+01,2.000000000000000000e+00
2.274233245849609375e+01,2.792325973510742188e+01,3.197113227844238281e+01,1.754052352905273438e+01,2.421169853210449219e+01,1.161999511718750000e+01,2.405891990661621094e+01,1.366046524047851562e+01,4.834640979766845703e+00,2.656394386291503906e+01,1.488218665122985840e+00,7.986417293548583984e+00,2.271313667297363281e+01,5.828256130218505859e+00,1.298786926269531250e+01,2.000000000000000000e+00
2.214270401000976562e+01,3.357730102539062500e+01,3.128391075134277344e+01,1.870436096191406250e+01,2.589768981933593750e+01,1.261662483215332031e+01,2.698901367187500000e+01,1.487204074859619141e+01,5.076383113861083984e+00,3.006484985351562500e+01,2.514894008636474609e+00,7.053860664367675781e+00,2.656103897094726562e+01,6.247294425964355469e+00,1.139249324798583984e+01,2.000000000000000000e+00
1.805957412719726562e+01,2.905797767639160156e+01,1.783131217956542969e+01,1.268265056610107422e+01,2.597215461730957031e+01,6.322868347167968750e+00,2.931005287170410156e+01,1.686717987060546875e+01,1.496447682380676270e+00,3.834214401245117188e+01,4.681332588195800781e+00,9.374716758728027344e+00,3.237695693969726562e+01,7.624457359313964844e+00,1.241988372802734375e+01,2.000000000000000000e+00
8.409522056579589844e+00,1.179060554504394531e+01,1.424040412902832031e+01,9.572689056396484375e+00,1.985921478271484375e+01,5.634107112884521484e+00,2.690450859069824219e+01,1.339589118957519531e+01,5.982908725738525391e+00,3.794281005859375000e+01,1.283361053466796875e+01,2.474713087081909180e+00,3.227096939086914062e+01,1.080186939239501953e+01,4.288200378417968750e+00,2.000000000000000000e+00
7.918071746826171875e+00,1.155419349670410156e+01,2.265480041503906250e+01,5.510564804077148438e+00,2.006698226928710938e+01,9.141228675842285156e+00,1.105914115905761719e+01,2.997170639038085938e+01,1.061966991424560547e+01,4.092959213256835938e+01,3.034928894042968750e+01,7.458537578582763672e+00,3.679547500610351562e+01,2.677707672119140625e+01,1.093774986267089844e+01,2.000000000000000000e+00
5.519618511199951172e+00,8.147866249084472656e+00,1.817626190185546875e+01,3.987725496292114258e+00,5.615816593170166016e+00,2.774487257003784180e+00,6.154556274414062500e+00,2.331477928161621094e+01,6.923661708831787109e+00,7.937948703765869141e+00,2.833871078491210938e+01,1.175308799743652344e+01,1.507063961029052734e+01,1.885221672058105469e+01,2.106682586669921875e+01,2.000000000000000000e+00
2.364254760742187500e+01,2.000318717956542969e+01,2.391240882873535156e+01,2.580793571472167969e+01,2.060400772094726562e+01,5.735712051391601562e+00,2.622511482238769531e+01,1.072817230224609375e+01,1.803728580474853516e+00,2.560778999328613281e+01,3.555433988571166992e+00,5.747721672058105469e+00,1.823299598693847656e+01,5.221328258514404297e+00,7.696684837341308594e+00,2.000000000000000000e+00
2.265835952758789062e+01,1.364257049560546875e+01,1.317669010162353516e+01,2.599130058288574219e+01,3.233425140380859375e+01,1.686427497863769531e+01,2.547934341430664062e+01,2.136499977111816406e+01,2.405499696731567383e+00,2.550670814514160156e+01,1.006890487670898438e+01,5.640289306640625000e+00,2.457358932495117188e+01,6.444414615631103516e+00,8.719155311584472656e+00,2.000000000000000000e+00
2.717851066589355469e+01,2.565938186645507812e+01,2.740867996215820312e+01,2.606985664367675781e+01,2.860263824462890625e+01,1.411417102813720703e+01,2.559070014953613281e+01,1.502805233001708984e+01,4.112945556640625000e+00,2.324892616271972656e+01,6.407058715820312500e+00,2.638708829879760742e+00,2.194534301757812500e+01,8.581631660461425781e+00,8.396729469299316406e+00,2.000000000000000000e+00
2.768743705749511719e+01,2.508877944946289062e+01,2.974729919433593750e+01,2.265252685546875000e+01,3.611569976806640625e+01,2.404242134094238281e+01,2.277199745178222656e+01,1.495941925048828125e+01,8.865583419799804688e+00,1.837524604797363281e+01,4.685021400451660156e+00,4.463248729705810547e+00,1.915081596374511719e+01,7.920704841613769531e+00,1.401581668853759766e+01,2.000000000000000000e+00
2.628367424011230469e+01,2.137241172790527344e+01,2.284558677673339844e+01,2.514598464965820312e+01,4.635688400268554688e+01,2.713098144531250000e+01,2.640735816955566406e+01,2.738035202026367188e+01,1.788940811157226562e+01,1.505856227874755859e+01,1.123243618011474609e+01,7.064660072326660156e+00,2.178457450866699219e+01,1.133730030059814453e+01,8.706620216369628906e+00,2.000000000000000000e+00
2.904965209960937500e+01,2.219602012634277344e+01,3.394039154052734375e+01,2.817204666137695312e+01,3.472063827514648438e+01,1.780201148986816406e+01,2.498248481750488281e+01,9.973498344421386719e+00,4.845093727111816406e+00,1.767918777465820312e+01,1.781524181365966797e+00,6.201635837554931641e+00,1.467808246612548828e+01,1.363568425178527832e+00,6.836728572845458984e+00,2.000000000000000000e+00
3.778815078735351562e+01,2.357937049865722656e+01,2.591455650329589844e+01,3.025443077087402344e+01,3.094529914855957031e+01,1.867902374267578125e+01,2.417259025573730469e+01,1.209075927734375000e+01,1.351457500457763672e+01,1.060139560699462891e+01,3.093368053436279297e+00,3.166383028030395508e+00,1.355468750000000000e+01,6.547184586524963379e-01,5.074681282043457031e+00,2.000000000000000000e+00
3.347407531738281250e+01,2.231212806701660156e+01,2.065277862548828125e+01,3.374504089355468750e+01,3.219483184814453125e+01,1.682335472106933594e+01,3.380632400512695312e+01,1.579399585723876953e+01,7.229450702667236328e+00,1.813505172729492188e+01,2.835499048233032227e+00,5.835735797882080078e+00,1.699336433410644531e+01,6.445221424102783203e+00,1.148069095611572266e+01,2.000000000000000000e+00
2.997959327697753906e+01,2.578977966308593750e+01,2.357088279724121094e+01,2.882269668579101562e+01,3.148346138000488281e+01,1.850489616394042969e+01,2.586482810974121094e+01,1.154550457000732422e+01,3.467215538024902344e+00,1.382213783264160156e+01,1.741878151893615723e+00,5.637935638427734375e+00,2.082002258300781250e+01,8.828906059265136719e+00,1.214250373840332031e+01,2.000000000000000000e+00
2.805942153930664062e+01,2.909068298339843750e+01,3.053298377990722656e+01,3.206705093383789062e+01,3.334997177124023438e+01,1.888961982727050781e+01,3.474504852294921875e+01,2.231505012512207031e+01,1.175954818725585938e+01,2.511692047119140625e+01,1.703312683105468750e+01,1.250430107116699219e+01,2.914975547790527344e+01,1.988864517211914062e+01,1.939220809936523438e+01,2.000000000000000000e+00
3.100461769104003906e+01,2.652262687683105469e+01,3.246275329589843750e+01,3.542448806762695312e+01,2.621871948242187500e+01,1.447727012634277344e+01,3.426939392089843750e+01,1.391622924804687500e+01,9.976984024047851562e+00,2.264367103576660156e+01,7.714489459991455078e+00,1.421798229217529297e+01,2.435474777221679688e+01,1.507557010650634766e+01,1.940900039672851562e+01,2.000000000000000000e+00
3.083427047729492188e+01,2.896286010742187500e+01,3.372038269042968750e+01,3.747410583496093750e+01,2.810303878784179688e+01,1.409060955047607422e+01,3.976571655273437500e+01,1.079795455932617188e+01,1.101658725738525391e+01,2.709763908386230469e+01,6.774108886718750000e+00,1.633552360534667969e+01,2.198969841003417969e+01,1.403030109405517578e+01,2.104081535339355469e+01,2.000000000000000000e+00
2.929321861267089844e+01,3.272966766357421875e+01,3.461399078369140625e+01,3.178263092041015625e+01,2.746444702148437500e+01,1.284366130828857422e+01,3.270403671264648438e+01,1.189183902740478516e+01,6.264900207519531250e+00,2.616404151916503906e+01,9.268743515014648438e+00,1.571610641479492188e+01,2.123912048339843750e+01,9.810158729553222656e+00,1.932939147949218750e+01,2.000000000000000000e+00
3.142882156372070312e+01,3.524026489257812500e+01,3.622334289550781250e+01,3.246162033081054688e+01,3.181070137023925781e+01,1.735280418395996094e+01,3.161494064331054688e+01,1.429669094085693359e+01,6.726370334625244141e+00,2.263392639160156250e+01,9.308462142944335938e+00,1.374033355712890625e+01,2.078444099426269531e+01,1.229153156280517578e+01,1.928575325012207031e+01,2.000000000000000000e+00
2.851895332336425781e+01,3.164841270446777344e+01,3.028338813781738281e+01,3.370506286621093750e+01,3.297915649414062500e+01,3.119955825805664062e+01,2.900706481933593750e+01,2.204453277587890625e+01,2.809996223449707031e+01,1.397274875640869141e+01,1.541528701782226562e+01,1.609084892272949219e+01,2.007226181030273438e+01,1.880479812622070312e+01,2.273631477355957031e+01,2.000000000000000000e+00
2.362442588806152344e+01,3.295177459716796875e+01,3.074347305297851562e+01,3.533427810668945312e+01,6.812187957763671875e+01,3.972132492065429688e+01,3.143342399597167969e+01,6.577342224121093750e+01,5.057906723022460938e+01,1.010237026214599609e+01,6.211212539672851562e+01,4.573492431640625000e+01,2.447755622863769531e+01,4.368558502197265625e+01,3.792044448852539062e+01,2.000000000000000000e+00
2.862447738647460938e+01,3.409847259521484375e+01,4.059717559814453125e+01,4.167743682861328125e+01,8.421440887451171875e+01,4.536877441406250000e+01,3.302112960815429688e+01,9.675176239013671875e+01,5.026048660278320312e+01,1.376906490325927734e+01,9.914585113525390625e+01,4.601206588745117188e+01,2.003419494628906250e+01,7.897226715087890625e+01,4.765572357177734375e+01,2.000000000000000000e+00
2.315525054931640625e+01,3.637103271484375000e+01,5.036694335937500000e+01,4.063968276977539062e+01,1.126942138671875000e+02,4.824300384521484375e+01,2.826655960083007812e+01,1.203427047729492188e+02,5.128424072265625000e+01,1.138592147827148438e+01,1.256523513793945312e+02,3.862565231323242188e+01,2.794157791137695312e+01,1.033197631835937500e+02,4.065792083740234375e+01,2.000000000000000000e+00
2.157337951660156250e+01,3.351259231567382812e+01,4.636654281616210938e+01,4.417267227172851562e+01,1.161362838745117188e+02,4.878149414062500000e+01,2.930895805358886719e+01,1.283559570312500000e+02,4.101003646850585938e+01,1.168451786041259766e+01,1.325288543701171875e+02,2.872910308837890625e+01,3.528145217895507812e+01,1.066505355834960938e+02,3.171064186096191406e+01,2.000000000000000000e+00
2.038152122497558594e+01,3.380162811279296875e+01,4.523263931274414062e+01,4.852301788330078125e+01,1.143262634277343750e+02,4.620280075073242188e+01,3.276144027709960938e+01,1.292234802246093750e+02,4.011322021484375000e+01,1.222174930572509766e+01,1.386436767578125000e+02,2.805133056640625000e+01,3.026362037658691406e+01,1.212024078369140625e+02,2.805122947692871094e+01,2.000000000000000000e+00
2.357527160644531250e+01,3.364161682128906250e+01,4.057520294189453125e+01,5.533880615234375000e+01,1.125263900756835938e+02,4.748445129394531250e+01,3.287665557861328125e+01,1.316368255615234375e+02,3.690189361572265625e+01,1.467059421539306641e+01,1.422636718750000000e+02,2.460987663269042969e+01,4.093521118164062500e+01,1.264706802368164062e+02,2.312635612487792969e+01,2.000000000000000000e+00
1.674074935913085938e+01,1.939163017272949219e+01,2.119636726379394531e+01,5.915826034545898438e+01,1.151863479614257812e+02,4.443439102172851562e+01,3.671052932739257812e+01,1.318839416503906250e+02,3.492994689941406250e+01,1.333908843994140625e+01,1.401555328369140625e+02,2.512422943115234375e+01,4.231627273559570312e+01,1.313498992919921875e+02,1.924479866027832031e+01,2.000000000000000000e+00
1.242515468597412109e+01,2.474767494201660156e+01,3.351280593872070312e+01,5.683517837524414062e+01,1.237342147827148438e+02,3.790933609008789062e+01,3.468156814575195312e+01,1.420165710449218750e+02,3.125555038452148438e+01,8.993587493896484375e+00,1.491192779541015625e+02,2.502886962890625000e+01,4.441174697875976562e+01,1.463869934082031250e+02,1.457970333099365234e+01,2.000000000000000000e+00
1.786208152770996094e+01,1.973816680908203125e+01,2.191943931579589844e+01,5.370566177368164062e+01,1.241657791137695312e+02,3.826778411865234375e+01,3.904639434814453125e+01,1.320419311523437500e+02,3.449704742431640625e+01,1.657716560363769531e+01,1.372377319335937500e+02,2.764020538330078125e+01,4.261702728271484375e+01,1.399687194824218750e+02,1.546901988983154297e+01,2.000000000000000000e+00
1.767831039428710938e+01,2.078262519836425781e+01,2.334143829345703125e+01,5.966180419921875000e+01,1.236501770019531250e+02,3.435131835937500000e+01,4.747998428344726562e+01,1.242440338134765625e+02,3.898482513427734375e+01,2.200646781921386719e+01,1.294278564453125000e+02,3.165076828002929688e+01,4.338766479492187500e+01,1.337096405029296875e+02,1.723320579528808594e+01,2.000000000000000000e+00
1.758326148986816406e+01,2.487240028381347656e+01,3.086885643005371094e+01,6.337304687500000000e+01,1.269439392089843750e+02,3.262246704101562500e+01,4.823192596435546875e+01,1.266680908203125000e+02,3.685630035400390625e+01,2.394704627990722656e+01,1.265022125244140625e+02,3.283342742919921875e+01,4.918718338012695312e+01,1.305457000732421875e+02,1.726609039306640625e+01,2.000000000000000000e+00
1.309545135498046875e+01,2.461058044433593750e+01,4.720731353759765625e+01,7.138344573974609375e+01,1.125646667480468750e+02,4.008772659301757812e+01,6.505128479003906250e+01,1.112876052856445312e+02,4.540256500244140625e+01,3.970883560180664062e+01,1.111103210449218750e+02,3.877608871459960938e+01,3.650827407836914062e+01,1.240631713867187500e+02,2.171568298339843750e+01,2.000000000000000000e+00
1.579408550262451172e+01,1.367800140380859375e+01,2.397678565979003906e+01,7.858344268798828125e+01,1.032569732666015625e+02,4.291624069213867188e+01,7.917593383789062500e+01,8.958831024169921875e+01,4.939164733886718750e+01,5.762224960327148438e+01,9.008673858642578125e+01,4.377041244506835938e+01,4.648779678344726562e+01,1.111666259765625000e+02,2.497641181945800781e+01,2.000000000000000000e+00
2.143912506103515625e+01,2.273567962646484375e+01,4.555640411376953125e+01,8.135864257812500000e+01,9.677555847167968750e+01,3.851213836669921875e+01,8.136171722412109375e+01,8.258053588867187500e+01,4.292329025268554688e+01,7.038272094726562500e+01,7.989895629882812500e+01,3.873992156982421875e+01,7.012764739990234375e+01,9.003631591796875000e+01,2.298245239257812500e+01,2.000000000000000000e+00
2.492181205749511719e+01,2.080967330932617188e+01,4.609203338623046875e+01,7.971183013916015625e+01,1.004022827148437500e+02,3.769271087646484375e+01,8.199150085449218750e+01,8.362210845947265625e+01,4.514173889160156250e+01,6.855267333984375000e+01,8.243658447265625000e+01,3.828303527832031250e+01,6.946793365478515625e+01,9.469081115722656250e+01,2.152861976623535156e+01,2.000000000000000000e+00
2.766652107238769531e+01,3.176697921752929688e+01,5.735350799560546875e+01,7.996913146972656250e+01,9.883232116699218750e+01,4.002313613891601562e+01,8.030485534667968750e+01,8.266872406005859375e+01,4.394338989257812500e+01,7.094812774658203125e+01,8.096361541748046875e+01,3.629731750488281250e+01,7.921438598632812500e+01,8.360313415527343750e+01,2.114428901672363281e+01,2.000000000000000000e+00
2.640100288391113281e+01,2.457951927185058594e+01,5.830533599853515625e+01,7.559526062011718750e+01,9.477364349365234375e+01,3.556998443603515625e+01,8.079199218750000000e+01,7.709518432617187500e+01,4.460639572143554688e+01,7.282822418212890625e+01,7.702049255371093750e+01,3.840397262573242188e+01,7.850296020507812500e+01,7.574233245849609375e+01,2.191282272338867188e+01,2.000000000000000000e+00
2.764532470703125000e+01,2.846937370300292969e+01,6.075053787231445312e+01,7.426369476318359375e+01,8.997325134277343750e+01,3.493547058105468750e+01,8.098244476318359375e+01,7.387383270263671875e+01,4.435549545288085938e+01,7.346901702880859375e+01,7.582370758056640625e+01,3.799245452880859375e+01,7.731967163085937500e+01,7.201619720458984375e+01,2.225770950317382812e+01,2.000000000000000000e+00
2.338390159606933594e+01,2.714337921142578125e+01,5.657736968994140625e+01,7.981628417968750000e+01,9.008393096923828125e+01,3.456849288940429688e+01,8.527649688720703125e+01,7.101992797851562500e+01,4.417004013061523438e+01,7.585970306396484375e+01,7.313162231445312500e+01,3.807936859130859375e+01,8.253852081298828125e+01,7.133248901367187500e+01,2.071526908874511719e+01,2.000000000000000000e+00
2.365484428405761719e+01,2.473676300048828125e+01,5.764328384399414062e+01,7.898833465576171875e+01,8.779660797119140625e+01,3.263856887817382812e+01,8.333561706542968750e+01,7.066271209716796875e+01,4.384141921997070312e+01,7.399973297119140625e+01,7.392218780517578125e+01,3.878637313842773438e+01,8.229673004150390625e+01,7.334833526611328125e+01,2.057387351989746094e+01,2.000000000000000000e+00
2.528322982788085938e+01,3.415306854248046875e+01,6.143893051147460938e+01,7.937606811523437500e+01,9.186470794677734375e+01,3.230403518676757812e+01,8.436148071289062500e+01,7.428057098388671875e+01,4.146728897094726562e+01,7.445397186279296875e+01,7.702468872070312500e+01,3.573597335815429688e+01,7.849005889892578125e+01,7.911956787109375000e+01,1.781525230407714844e+01,2.000000000000000000e+00
2.616391754150390625e+01,3.532550811767578125e+01,6.315991592407226562e+01,7.863906097412109375e+01,8.681311798095703125e+01,3.369284820556640625e+01,8.803421020507812500e+01,6.690261840820312500e+01,4.527423477172851562e+01,8.087273406982421875e+01,6.990568542480468750e+01,4.004035186767578125e+01,8.298505401611328125e+01,6.926146697998046875e+01,2.003938865661621094e+01,2.000000000000000000e+00
2.511318206787109375e+01,3.341382980346679688e+01,6.365664672851562500e+01,7.579882812500000000e+01,8.029187011718750000e+01,3.081962776184082031e+01,8.079655456542968750e+01,6.802402496337890625e+01,4.016661071777343750e+01,7.552594757080078125e+01,7.243701934814453125e+01,3.977198791503906250e+01,7.768881225585937500e+01,6.878239440917968750e+01,2.121065139770507812e+01,2.000000000000000000e+00
2.396524047851562500e+01,3.146445655822753906e+01,6.404664611816406250e+01,7.697791290283203125e+01,9.116696166992187500e+01,3.217509460449218750e+01,8.117611694335937500e+01,7.489122009277343750e+01,4.214747238159179688e+01,7.339241790771484375e+01,7.733414459228515625e+01,3.770914840698242188e+01,7.987296295166015625e+01,7.606589508056640625e+01,1.875807380676269531e+01,2.000000000000000000e+00
2.280680847167968750e+01,3.262425994873046875e+01,6.328005981445312500e+01,7.667859649658203125e+01,8.696427154541015625e+01,3.302078247070312500e+01,8.425875091552734375e+01,7.210910797119140625e+01,4.131133651733398438e+01,7.639730072021484375e+01,7.527680206298828125e+01,3.619024276733398438e+01,7.843452453613281250e+01,7.662778472900390625e+01,1.779765701293945312e+01,2.000000000000000000e+00
2.262698364257812500e+01,3.122197532653808594e+01,6.553934478759765625e+01,7.447716522216796875e+01,9.422445678710937500e+01,3.049901008605957031e+01,7.794641876220703125e+01,8.027139282226562500e+01,3.577234268188476562e+01,7.157421112060546875e+01,8.141349029541015625e+01,3.328617858886718750e+01,7.861330413818359375e+01,8.209463500976562500e+01,1.603429985046386719e+01,2.000000000000000000e+00
2.326227378845214844e+01,3.063696670532226562e+01,6.434511566162109375e+01,7.504034423828125000e+01,8.567943572998046875e+01,3.302104568481445312e+01,8.318724822998046875e+01,7.087357330322265625e+01,4.335739135742187500e+01,7.621084594726562500e+01,7.455649566650390625e+01,3.746290206909179688e+01,7.934426879882812500e+01,7.571585083007812500e+01,1.829773139953613281e+01,2.000000000000000000e+00
2.257566642761230469e+01,2.974845314025878906e+01,6.668056488037109375e+01,7.403559875488281250e+01,9.546340179443359375e+01,3.080509185791015625e+01,7.659315490722656250e+01,8.310550689697265625e+01,3.747949600219726562e+01,6.762598419189453125e+01,8.629919433593750000e+01,3.135972404479980469e+01,7.727263641357421875e+01,8.459024047851562500e+01,1.492013740539550781e+01,2.000000000000000000e+00
2.295602798461914062e+01,3.765454864501953125e+01,6.519422912597656250e+01,7.278636169433593750e+01,1.008039016723632812e+02,2.813116836547851562e+01,7.469484710693359375e+01,8.952332305908203125e+01,3.189014053344726562e+01,6.387237167358398438e+01,9.331716156005859375e+01,2.686785316467285156e+01,7.856291961669921875e+01,9.332945251464843750e+01,1.199704074859619141e+01,2.000000000000000000e+00
2.272750854492187500e+01,2.799117851257324219e+01,6.310405731201171875e+01,7.141255950927734375e+01,9.079740142822265625e+01,2.941985511779785156e+01,7.882426452636718750e+01,7.589032745361328125e+01,3.825407028198242188e+01,7.099656677246093750e+01,8.139024353027343750e+01,3.413121795654296875e+01,7.905777740478515625e+01,7.714778137207031250e+01,1.726321029663085938e+01,2.000000000000000000e+00
2.494383811950683594e+01,3.307141113281250000e+01,6.334578704833984375e+01,7.461682128906250000e+01,8.567999267578125000e+01,2.851285743713378906e+01,7.977136230468750000e+01,7.159626007080078125e+01,3.851745986938476562e+01,7.310232543945312500e+01,7.733024597167968750e+01,3.778613281250000000e+01,7.773176574707031250e+01,7.279399871826171875e+01,1.991246414184570312e+01,2.000000000000000000e+00
2.346739959716796875e+01,3.299540328979492188e+01,6.527511596679687500e+01,7.619113922119140625e+01,9.119812774658203125e+01,3.083465576171875000e+01,7.992408752441406250e+01,7.673110198974609375e+01,3.778093338012695312e+01,7.455941772460937500e+01,7.988311767578125000e+01,3.217471313476562500e+01,8.205292510986328125e+01,7.677814483642578125e+01,1.531976699829101562e+01,2.000000000000000000e+00
2.355927658081054688e+01,2.733472251892089844e+01,5.921739196777343750e+01,7.498435211181640625e+01,8.636670684814453125e+01,3.110930824279785156e+01,8.072182464599609375e+01,7.100879669189453125e+01,4.221968078613281250e+01,7.586186218261718750e+01,7.787793731689453125e+01,3.597885894775390625e+01,8.089975738525390625e+01,7.178451538085937500e+01,1.821112251281738281e+01,2.000000000000000000e+00
2.462424087524414062e+01,3.629285049438476562e+01,5.878543472290039062e+01,7.159858703613281250e+01,8.539684295654296875e+01,2.844449234008789062e+01,7.653620147705078125e+01,7.167948913574218750e+01,4.034537887573242188e+01,7.674880981445312500e+01,7.834255981445312500e+01,3.604984664916992188e+01,8.420331573486328125e+01,6.678467559814453125e+01,1.929232978820800781e+01,2.000000000000000000e+00
1.865651321411132812e+01,2.385894775390625000e+01,4.201512527465820312e+01,7.326117706298828125e+01,9.635479736328125000e+01,2.895794486999511719e+01,8.720429229736328125e+01,7.283220672607421875e+01,3.867943954467773438e+01,8.858929443359375000e+01,6.983164978027343750e+01,3.174425506591796875e+01,9.418202972412109375e+01,6.543243408203125000e+01,1.557433319091796875e+01,2.000000000000000000e+00
2.410534477233886719e+01,4.746655654907226562e+01,5.692365646362304688e+01,7.687285614013671875e+01,9.201097869873046875e+01,2.862659835815429688e+01,9.245068359375000000e+01,6.810310363769531250e+01,3.929636383056640625e+01,9.171315002441406250e+01,6.921334838867187500e+01,3.167113685607910156e+01,1.026558837890625000e+02,6.025390625000000000e+01,1.277452182769775391e+01,2.000000000000000000e+00
2.416156005859375000e+01,5.223374176025390625e+01,5.492514038085937500e+01,8.087546539306640625e+01,9.529749298095703125e+01,2.898281288146972656e+01,9.202149963378906250e+01,7.259779357910156250e+01,3.573968124389648438e+01,9.573397827148437500e+01,6.817980957031250000e+01,2.921755218505859375e+01,1.120516738891601562e+02,6.050360870361328125e+01,1.083922481536865234e+01,2.000000000000000000e+00
2.596202468872070312e+01,4.658287048339843750e+01,5.731424713134765625e+01,8.384291076660156250e+01,8.603017425537109375e+01,3.027889251708984375e+01,9.026461791992187500e+01,6.846584320068359375e+01,3.459435272216796875e+01,9.349041748046875000e+01,6.951232910156250000e+01,2.957729721069335938e+01,9.982929992675781250e+01,5.986588287353515625e+01,1.247366333007812500e+01,2.000000000000000000e+00
2.920552444458007812e+01,4.889195632934570312e+01,5.404428863525390625e+01,9.413162994384765625e+01,7.704457855224609375e+01,3.083707046508789062e+01,9.504606628417968750e+01,6.214087677001953125e+01,3.724077987670898438e+01,9.226802062988281250e+01,6.714663696289062500e+01,3.423962402343750000e+01,9.042107391357421875e+01,6.085926055908203125e+01,1.559437179565429688e+01,2.000000000000000000e+00
2.815854454040527344e+01,5.505904769897460938e+01,5.276766967773437500e+01,9.658710479736328125e+01,7.861127471923828125e+01,2.958358192443847656e+01,9.485105895996093750e+01,6.453120422363281250e+01,3.282379913330078125e+01,9.325582885742187500e+01,6.813693237304687500e+01,3.093263435363769531e+01,9.465343475341796875e+01,5.972076034545898438e+01,1.269362640380859375e+01,2.000000000000000000e+00
3.302479934692382812e+01,4.591066741943359375e+01,5.360837173461914062e+01,8.575089263916015625e+01,7.917687225341796875e+01,2.538543510437011719e+01,7.946446228027343750e+01,7.214029693603515625e+01,3.009860038757324219e+01,8.180236053466796875e+01,7.756132507324218750e+01,3.159523963928222656e+01,8.932561492919921875e+01,6.729615020751953125e+01,1.558965969085693359e+01,2.000000000000000000e+00
3.169644355773925781e+01,5.467009353637695312e+01,5.058575057983398438e+01,9.340599060058593750e+01,8.168413543701171875e+01,2.994586944580078125e+01,8.495262145996093750e+01,7.329913330078125000e+01,3.116579055786132812e+01,8.715990447998046875e+01,7.653499603271484375e+01,2.947159576416015625e+01,9.967156219482421875e+01,6.650307464599609375e+01,1.274910640716552734e+01,2.000000000000000000e+00
3.313666534423828125e+01,5.008315658569335938e+01,5.139599227905273438e+01,9.547826385498046875e+01,7.447030639648437500e+01,3.096263694763183594e+01,8.581593322753906250e+01,6.777470397949218750e+01,3.411461639404296875e+01,8.399030303955078125e+01,7.602825164794921875e+01,3.295496368408203125e+01,9.411223602294921875e+01,6.819037628173828125e+01,1.607419013977050781e+01,2.000000000000000000e+00
3.313242340087890625e+01,5.226834106445312500e+01,4.970191955566406250e+01,9.836228942871093750e+01,7.762951660156250000e+01,3.734403610229492188e+01,9.471295928955078125e+01,6.530877685546875000e+01,4.073209762573242188e+01,9.327661895751953125e+01,6.717194366455078125e+01,3.623482513427734375e+01,1.023232345581054688e+02,5.399660491943359375e+01,1.707059288024902344e+01,2.000000000000000000e+00
3.080393409729003906e+01,4.263441467285156250e+01,4.662380981445312500e+01,8.861622619628906250e+01,6.411202239990234375e+01,2.851403999328613281e+01,8.210289001464843750e+01,5.960600280761718750e+01,4.057415390014648438e+01,8.025592041015625000e+01,7.232927703857421875e+01,4.716322326660156250e+01,8.703500366210937500e+01,6.238996124267578125e+01,2.624258613586425781e+01,2.000000000000000000e+00
2.884363746643066406e+01,4.260206222534179688e+01,4.615818023681640625e+01,8.674887084960937500e+01,6.340947341918945312e+01,2.766278266906738281e+01,8.524650573730468750e+01,5.423474502563476562e+01,4.402842712402343750e+01,8.189787292480468750e+01,6.730200958251953125e+01,5.734050750732421875e+01,8.857940673828125000e+01,5.898887634277343750e+01,3.305498886108398438e+01,2.000000000000000000e+00
3.029753112792968750e+01,3.702799224853515625e+01,4.945590591430664062e+01,7.997858428955078125e+01,7.595138549804687500e+01,3.472513961791992188e+01,7.803953552246093750e+01,6.665119171142578125e+01,4.567887878417968750e+01,7.301393890380859375e+01,6.827177429199218750e+01,5.216333389282226562e+01,7.652667999267578125e+01,6.345541000366210938e+01,2.729935836791992188e+01,2.000000000000000000e+00
3.296662521362304688e+01,3.697250366210937500e+01,5.385035324096679688e+01,7.327078247070312500e+01,9.917596435546875000e+01,4.162967681884765625e+01,6.257872390747070312e+01,9.444483184814453125e+01,4.867289733886718750e+01,4.247259902954101562e+01,1.034501800537109375e+02,3.975067901611328125e+01,4.865808868408203125e+01,1.050823974609375000e+02,2.180836677551269531e+01,2.000000000000000000e+00
3.198249244689941406e+01,2.759591865539550781e+01,4.612691497802734375e+01,5.741707992553710938e+01,9.011940002441406250e+01,3.455356597900390625e+01,4.578755187988281250e+01,9.835348510742187500e+01,3.939947509765625000e+01,3.832452011108398438e+01,9.644398498535156250e+01,3.349893188476562500e+01,5.457506561279296875e+01,8.612129974365234375e+01,2.114034271240234375e+01,2.000000000000000000e+00
3.071245002746582031e+01,2.998777198791503906e+01,4.745991897583007812e+01,4.686464309692382812e+01,1.018054199218750000e+02,3.491334152221679688e+01,3.809473419189453125e+01,1.099249954223632812e+02,4.259727478027343750e+01,2.630090332031250000e+01,1.091738433837890625e+02,2.920828819274902344e+01,4.939949035644531250e+01,9.456246185302734375e+01,1.932849884033203125e+01,2.000000000000000000e+00
2.770476531982421875e+01,3.248778533935546875e+01,4.041469192504882812e+01,4.020121002197265625e+01,9.816974639892578125e+01,3.324633789062500000e+01,3.018527984619140625e+01,1.129819412231445312e+02,3.421255493164062500e+01,2.197774314880371094e+01,1.082922592163085938e+02,2.333823204040527344e+01,4.764608764648437500e+01,8.894706726074218750e+01,2.044430732727050781e+01,2.000000000000000000e+00
2.813067626953125000e+01,2.988880920410156250e+01,3.573112869262695312e+01,3.131417465209960938e+01,8.023667144775390625e+01,3.779858779907226562e+01,2.904808998107910156e+01,7.325065612792968750e+01,4.485081481933593750e+01,1.497347545623779297e+01,6.872370910644531250e+01,4.124909591674804688e+01,3.117644500732421875e+01,4.914218521118164062e+01,4.493893051147460938e+01,2.000000000000000000e+00
2.263335990905761719e+01,3.077028083801269531e+01,3.113452911376953125e+01,2.870889282226562500e+01,6.771210479736328125e+01,3.933768081665039062e+01,2.995618629455566406e+01,5.435943222045898438e+01,4.921236419677734375e+01,1.300939464569091797e+01,4.367595291137695312e+01,4.216680145263671875e+01,2.772132110595703125e+01,3.667157745361328125e+01,4.403377532958984375e+01,2.000000000000000000e+00
2.330267333984375000e+01,3.772435379028320312e+01,3.016497039794921875e+01,2.668861389160156250e+01,5.319089126586914062e+01,3.319009780883789062e+01,2.741918945312500000e+01,3.360026931762695312e+01,2.891248512268066406e+01,1.352402400970458984e+01,2.533487510681152344e+01,2.127280044555664062e+01,2.718421173095703125e+01,2.160441780090332031e+01,2.586362648010253906e+01,2.000000000000000000e+00
2.720575523376464844e+01,3.794511032104492188e+01,3.283615493774414062e+01,2.773336982727050781e+01,3.201028060913085938e+01,1.888929557800292969e+01,2.473185539245605469e+01,2.067459297180175781e+01,9.182852745056152344e+00,1.607399940490722656e+01,7.638518333435058594e+00,1.087261867523193359e+01,2.069143867492675781e+01,9.798225402832031250e+00,1.837047767639160156e+01,2.000000000000000000e+00
2.803637123107910156e+01,3.786969757080078125e+01,3.755969238281250000e+01,2.487947082519531250e+01,2.668367767333984375e+01,1.711878395080566406e+01,2.005941200256347656e+01,1.527547454833984375e+01,7.130530357360839844e+00,1.712836456298828125e+01,9.727469086647033691e-01,6.520559787750244141e+00,1.964286994934082031e+01,4.300806999206542969e+00,1.155670547485351562e+01,2.000000000000000000e+00
2.769449424743652344e+01,2.827849197387695312e+01,3.114083290100097656e+01,2.092715454101562500e+01,1.411401557922363281e+01,1.270813179016113281e+01,1.892967033386230469e+01,8.183998107910156250e+00,6.213512897491455078e+00,1.889523887634277344e+01,4.938694477081298828e+00,3.521314620971679688e+00,1.627267265319824219e+01,3.450074911117553711e+00,8.775452613830566406e+00,2.000000000000000000e+00
2.409855461120605469e+01,3.685079193115234375e+01,3.898813629150390625e+01,1.971351814270019531e+01,1.461467456817626953e+01,1.037526607513427734e+01,1.764179039001464844e+01,9.824543952941894531e+00,6.371131896972656250e+00,1.990304946899414062e+01,1.457729458808898926e+00,4.347480773925781250e+00,1.749120521545410156e+01,4.490952491760253906e+00,8.944660186767578125e+00,2.000000000000000000e+00
1.772086334228515625e+01,3.431050491333007812e+01,4.110863113403320312e+01,1.631943702697753906e+01,1.474615001678466797e+01,7.542989730834960938e+00,1.786427307128906250e+01,9.130349159240722656e+00,4.366739749908447266e+00,2.405095863342285156e+01,1.716725945472717285e+00,4.249091148376464844e+00,2.011891746520996094e+01,3.549689769744873047e+00,8.359485626220703125e+00,2.000000000000000000e+00
1.572452449798583984e+01,3.309577178955078125e+01,2.709353065490722656e+01,1.651948738098144531e+01,1.407196712493896484e+01,5.625090122222900391e+00,2.241702842712402344e+01,9.791965484619140625e+00,5.208260059356689453e+00,2.740046691894531250e+01,1.311040759086608887e+00,4.265684604644775391e+00,2.284317016601562500e+01,5.124656677246093750e+00,9.470874786376953125e+00,2.000000000000000000e+00
5.359979629516601562e+00,9.705964088439941406e+00,7.981012344360351562e+00,9.727503776550292969e+00,2.104385185241699219e+01,4.606743812561035156e+00,2.620328140258789062e+01,1.232319927215576172e+01,2.603325128555297852e+00,3.270798492431640625e+01,8.230829238891601562e+00,6.982078552246093750e+00,2.981170463562011719e+01,1.358915805816650391e+01,1.325940513610839844e+01,2.000000000000000000e+00
6.892467498779296875e+00,1.057463836669921875e+01,6.287045955657958984e+00,1.316398906707763672e+01,1.147474575042724609e+01,6.021574020385742188e+00,2.099875068664550781e+01,2.096796798706054688e+01,8.749950408935546875e+00,3.324368286132812500e+01,1.673592758178710938e+01,4.535179615020751953e+00,3.088148117065429688e+01,3.286240005493164062e+01,8.719871520996093750e+00,2.000000000000000000e+00
4.162273883819580078e+00,6.465901374816894531e+00,1.053800106048583984e+01,6.515881061553955078e+00,1.488557815551757812e+01,1.139503288269042969e+01,1.699590492248535156e+01,1.770973968505859375e+01,1.458586597442626953e+01,2.160546684265136719e+01,1.963565826416015625e+01,9.857818603515625000e+00,2.167787933349609375e+01,3.989574813842773438e+01,1.280571937561035156e+01,2.000000000000000000e+00
8.155857086181640625e+00,6.790853500366210938e+00,2.507904529571533203e+00,5.942334651947021484e+00,7.176328659057617188e+00,7.668263912200927734e+00,8.428941726684570312e+00,1.978580093383789062e+01,1.267842674255371094e+01,1.798059272766113281e+01,2.312269401550292969e+01,7.588108539581298828e+00,3.235818099975585938e+01,3.578763198852539062e+01,1.747586059570312500e+01,2.000000000000000000e+00
